{"cameraMode":{"drawMode":0,"name":"Shaded","section":"Shading Mode"},"sceneLighting":true,"audioPlay":false,"sceneViewState":{"showFog":true,"showMaterialUpdate":false,"showSkybox":true,"showFlares":true,"showImageEffects":true,"showParticleSystems":true},"in2DMode":false,"pivot":{"x":322.0653076171875,"y":612.6539306640625,"z":12.253990173339844},"rotation":{"x":0.013497754000127316,"y":0.016497749835252763,"z":-0.00022273309878073633,"w":0.9997727274894714},"size":693.0722045898438,"orthographic":true}